Language,English,Russian,German,French,Czech,Spanish,Italian,Polish,Portuguese,SimplifiedChinese,TraditionalChinese,Japanese
STR_CN_Slot_RecycleInput,Input,Вход,Eingang,Entrée,Vstup,Entrada,Ingresso,Wejście,Entrada,输入,輸入,入力
STR_CN_Slot_RecycleOutput,Output,Выход,Ausgang,Sortie,Výstup,Salida,Uscita,Wyjście,Saída,输出,輸出,出力
STR_CN_Slot_RecycleRare,Rare,Редкое,Selten,Rare,Vzácné,Raro,Raro,Rzadkie,Raro,稀有,稀有,レア
STR_CN_GUI_RecycleInput_Desc,"Raw material",Сырьё,Rohmaterial,"Matière première",Surovina,"Materia prima","Materia prima","Surowy materiał","Matéria-prima",原材料,原材料,原材料
STR_CN_GUI_RecycleOutput_Desc,"Main product","Основной продукт",Hauptprodukt,"Produit principal","Hlavní produkt","Producto principal","Prodotto principale",Produkt,"Produto principal",主要产品,主要產品,主要製品
STR_CN_GUI_RecycleRare_Desc,"Rare product","Редкий продукт",Seltenes Produkt,"Produit rare","Vzácný produkt","Producto raro","Prodotto raro","Rzadki produkt","Produto raro",稀有产品,稀有產品,レア製品
STR_CN_MiningMachineBase_Name,"Mining Machine","Добывающая машина",Bergbaumaschine,"Machine minière","Těžební stroj","Máquina de minería","Macchina mineraria","Maszyna górnicza","Máquina de mineração",采矿机,採礦機,採掘機
STR_CN_MiningMachineBase_Desc,"Powered processing machine.","Производственная машина, работающая от электричества.","Elektrisch betriebene Verarbeitungsmaschine.","Machine de traitement alimentée en électricité.","Elektricky poháněný zpracovatelský stroj.","Máquina de procesamiento alimentada.","Macchina di lavorazione alimentata.","Zasilana maszyna przetwarzająca.","Máquina de processamento alimentada.",动力加工机,動力加工機,電動加工機
STR_CN_OreExtractor_Name,"Ore Extractor","Экстрактор руды",Erzextraktor,"Extracteur de minerai","Extraktor rudy","Extractor de mineral","Estrattore di minerale","Ekstraktor rudy","Extractor de minério",矿石 Extraction 机,礦石 Extraction 機,鉱石抽出機
STR_CN_OreExtractor_Desc,"Processes raw ore using external power.","Перерабатывает сырую руду, используя внешний источник питания.","Verarbeitet Roherz unter Verwendung externer Energie.","Traite le minerai brut à l'aide d'une alimentation externe.","Zpracovává syrovou rudu pomocí externího napájení.","Procesa el mineral crudo con energía externa.","Elabora il minerale grezzo con energia esterna.","Przetwarza surową rudę przy użyciu zewnętrznego zasilania.","Processa minério bruto usando energia externa.",使用外部 покровом обрабатывает сырую руду,使用外部 poкровом обрабатывает сырую руду,外部電力を使用して原鉱を処理します。
STR_CN_LIQUID_KEROSENE,Kerosene,Керосин,Kerosene,Kerosene,Kerosene,Kerosene,Kerosene,Kerosene,Kerosene,Kerosene,Kerosene,Kerosene
STR_CN_LIQUID_CRUDE_OIL,Crude Oil,Сырая нефть,Crude Oil,Crude Oil,Crude Oil,Crude Oil,Crude Oil,Crude Oil,Crude Oil,Crude Oil,Crude Oil,Crude Oil
STR_CN_VEHICLE_OIL_DISTILLER,Thermal Oil Distiller,Термический Дестиллятор Нефти,Thermal Oil Distiller,Thermal Oil Distiller,Thermal Oil Distiller,Thermal Oil Distiller,Thermal Oil Distiller,Thermal Oil Distiller,Thermal Oil Distiller,Thermal Oil Distiller,Thermal Oil Distiller,Thermal Oil Distiller
STR_CN_VEHICLE_OIL_DISTILLER_DESC,"Industrial distilling apparatus; Requires electrical power AND a burning fire inside the firebox.","Промышленный перегонный куб; Для работы требует питания от сети И растопленного костра внутри топки.","Industrial distilling apparatus; Requires electrical power AND a burning fire inside the firebox.","Industrial distilling apparatus; Requires electrical power AND a burning fire inside the firebox.","Industrial distilling apparatus; Requires electrical power AND a burning fire inside the firebox.","Industrial distilling apparatus; Requires electrical power AND a burning fire inside the firebox.","Industrial distilling apparatus; Requires electrical power AND a burning fire inside the firebox.","Industrial distilling apparatus; Requires electrical power AND a burning fire inside the firebox.","Industrial distilling apparatus; Requires electrical power AND a burning fire inside the firebox.","Industrial distilling apparatus; Requires electrical power AND a burning fire inside the firebox.","Industrial distilling apparatus; Requires electrical power AND a burning fire inside the firebox.","Industrial distilling apparatus; Requires electrical power AND a burning fire inside the firebox.","Industrial distilling apparatus; Requires electrical power AND a burning fire inside the firebox"
STR_CN_ITEM_CRUDE_OIL_CANISTER,Канистра с сырой нефтью,Jerrycan with Crude Oil,Jerrycan with Crude Oil,Jerrycan with Crude Oil,Jerrycan with Crude Oil,Jerrycan with Crude Oil,Jerrycan with Crude Oil,Jerrycan with Crude Oil,Jerrycan with Crude Oil,Jerrycan with Crude Oil,Jerrycan with Crude Oil,Jerrycan with Crude Oil
STR_CN_ITEM_CRUDE_OIL_CANISTER_DESC,Металлическая канистра, наполненная сырой нефтью; Используется в промышленных станках переработки,A metal jerrycan filled with crude oil; Used in industrial processing machines,A metal jerrycan filled with crude oil; Used in industrial processing machines,A metal jerrycan filled with crude oil; Used in industrial processing machines,A metal jerrycan filled with crude oil; Used in industrial processing machines,A metal jerrycan filled with crude oil; Used in industrial processing machines,A metal jerrycan filled with crude oil; Used in industrial processing machines,A metal jerrycan filled with crude oil; Used in industrial processing machines,A metal jerrycan filled with crude oil; Used in industrial processing machines,A metal jerrycan filled with crude oil; Used in industrial processing machines,A metal jerrycan filled with crude oil; Used in industrial processing machines
STR_CN_VEHICLE_OIL_PUMP,Oil Extraction Pump,Промышленный Нефтяной Насос,Oil Extraction Pump,Oil Extraction Pump,Oil Extraction Pump,Oil Extraction Pump,Oil Extraction Pump,Oil Extraction Pump,Oil Extraction Pump,Oil Extraction Pump,Oil Extraction Pump,Oil Extraction Pump
STR_CN_VEHICLE_OIL_PUMP_DESC,Automated pump used to extract crude oil from the ground; Must be placed near an oil derrick structure to operate,Автоматический насос для добычи сырья; Работает ТОЛЬКО в непосредственной близости от нефтяных вышек; Требует питания от сети,Automated pump used to extract crude oil from the ground; Must be placed near an oil derrick structure to operate,Automated pump used to extract crude oil from the ground; Must be placed near an oil derrick structure to operate,Automated pump used to extract crude oil from the ground; Must be placed near an oil derrick structure to operate,Automated pump used to extract crude oil from the ground; Must be placed near an oil derrick structure to operate,Automated pump used to extract crude oil from the ground; Must be placed near an oil derrick structure to operate,Automated pump used to extract crude oil from the ground; Must be placed near an oil derrick structure to operate,Automated pump used to extract crude oil from the ground; Must be placed near an oil derrick structure to operate,Automated pump used to extract crude oil from the ground; Must be placed near an oil derrick structure to operate.

